{
  "n_reversals": 201,
  "n_chrons": 200,
  "span_Ma": [
    0.781,
    83.0
  ],
  "mean_chron_Myr": 0.4111,
  "r": 0.4573,
  "r_se": 0.019,
  "ci": [
    0.4281384338360544,
    0.5130427277841636
  ],
  "cv": 0.7816,
  "beta": 0.3311,
  "gamma_k": 0.908,
  "ks_poisson": 0.131,
  "ks_goe": 0.1543,
  "ks_gue": 0.222,
  "sigma_vs_poisson": 2.98,
  "sigma_vs_goe": -3.29,
  "poisson_null_r": 0.3888,
  "goe_null_r": 0.5308,
  "cryptochron_sensitivity": {
    "0": 0.4573,
    "5": 0.4706,
    "10": 0.4869,
    "15": 0.5032,
    "20": 0.5296,
    "25": 0.5341
  },
  "baselines": {
    "poisson": 0.3863,
    "goe": 0.5307,
    "gue": 0.6027
  }
}
